1.5,5.5,10.5,10,"text\,1","text21","text31"
1.5,5.5,10.5,10,"text2\","text22$","text32"
1.5,5.5,10.5,10,"text3","text23","text33"
1.5,5.5,10.5,10,"text4","text24","text34"
1.5,5.5,10.5,10,"text5","text25","text35"
1.5,5.5,10.5,10,"text6","text26","text36"
1.5,5.5,10.5,10,"text7","text27","text37"
1.5,5.5,10.5,10,"text8","text28","text38"
1.5,5.5,10.5,10,"text9","text29","text39"
1.5,5.5,10.5,10,"text10","text210","text310"
1.5,5.5,10.5,10,"text11","text211","text311"
1.5,5.5,10.5,10,"text12","text212","text312"
1.5,5.5,10.5,10,"text13","text213","text313"
1.5,5.5,10.5,10,"text14","text214","text314"
1.5,5.5,10.5,10,"text15","text215","text315"
1.5,5.5,10.5,10,"text16","text216","text316"
1.5,5.5,10.5,10,"text17","text217","text317"
1.5,5.5,10.5,10,"text18","text218","text318"
1.5,5.5,10.5,10,"text19","text219","text319"
1.5,5.5,10.5,10,"text20","text220","text320"
1.5,5.5,10.5,10,"text21","text221","text321"
1.5,5.5,10.5,10,"text22","text222","text322"
1.5,5.5,10.5,10,"text23","text223","text323"
1.5,5.5,10.5,10,"text24","text224","text324"
1.5,5.5,10.5,10,"text25","text225","text325"
1.5,5.5,10.5,10,"text26","text226","text326"
1.5,5.5,10.5,10,"text27","text227","text327"
1.5,5.5,10.5,10,"text28","text228","text328"
1.5,5.5,10.5,10,"text29","text229","text329"
1.5,5.5,10.5,10,"text30","text230","text330"
1.5,5.5,10.5,10,"text31","text231","text331"
1.5,5.5,10.5,10,"text32","text232","text332"
1.5,5.5,10.5,10,"text33","text233","text333"
1.5,5.5,10.5,10,"text34","text234","text334"
1.5,5.5,10.5,10,"text35","text235","text335"
1.5,5.5,10.5,10,"text36","text236","text336"
1.5,5.5,10.5,10,"text37","text237","text337"
1.5,5.5,10.5,10,"text38","text238","text338"
1.5,5.5,10.5,10,"text39","text239","text339"
1.5,5.5,10.5,10,"text40","text240","text340"
1.5,5.5,10.5,10,"text41","text241","text341"
1.5,5.5,10.5,10,"text42","text242","text342"
1.5,5.5,10.5,10,"text43","text243","text343"
1.5,5.5,10.5,10,"text44","text244","text344"
1.5,5.5,10.5,10,"text45","text245","text345"
1.5,5.5,10.5,10,"text46","text246","text346"
1.5,5.5,10.5,10,"text47","text247","text347"
1.5,5.5,10.5,10,"text48","text248","text348"
1.5,5.5,10.5,10,"text49","text249","text349"
1.5,5.5,10.5,10,"text50","text250","text350"
1.5,5.5,10.5,10,"text51","text251","text351"
1.5,5.5,10.5,10,"text52","text252","text352"
1.5,5.5,10.5,10,"text53","text253","text353"
1.5,5.5,10.5,10,"text54","text254","text354"
1.5,5.5,10.5,10,"text55","text255","text355"
1.5,5.5,10.5,10,"text56","text256","text356"
1.5,5.5,10.5,10,"text57","text257","text357"
1.5,5.5,10.5,10,"text58","text258","text358"
1.5,5.5,10.5,10,"text59","text259","text359"
1.5,5.5,10.5,10,"text60","text260","text360"
1.5,5.5,10.5,10,"text61","text261","text361"
1.5,5.5,10.5,10,"text62","text262","text362"
1.5,5.5,10.5,10,"text63","text263","text363"
1.5,5.5,10.5,10,"text64","text264","text364"
1.5,5.5,10.5,10,"text65","text265","text365"
1.5,5.5,10.5,10,"text66","text266","text366"
1.5,5.5,10.5,10,"text67","text267","text367"
1.5,5.5,10.5,10,"text68","text268","text368"
1.5,5.5,10.5,10,"text69","text269","text369"
1.5,5.5,10.5,10,"text70","text270","text370"
1.5,5.5,10.5,10,"text71","text271","text371"
1.5,5.5,10.5,10,"text72","text272","text372"
1.5,5.5,10.5,10,"text73","text273","text373"
1.5,5.5,10.5,10,"text74","text274","text374"
1.5,5.5,10.5,10,"text75","text275","text375"
1.5,5.5,10.5,10,"text76","text276","text376"
1.5,5.5,10.5,10,"text77","text277","text377"
1.5,5.5,10.5,10,"text78","text278","text378"
1.5,5.5,10.5,10,"text79","text279","text379"
1.5,5.5,10.5,10,"text80","text280","text380"
1.5,5.5,10.5,10,"text81","text281","text381"
1.5,5.5,10.5,10,"text82","text282","text382"
1.5,5.5,10.5,10,"text83","text283","text383"
1.5,5.5,10.5,10,"text84","text284","text384"
1.5,5.5,10.5,10,"text85","text285","text385"
1.5,5.5,10.5,10,"text86","text286","text386"
1.5,5.5,10.5,10,"text87","text287","text387"
1.5,5.5,10.5,10,"text88","text288","text388"
1.5,5.5,10.5,10,"text89","text289","text389"
1.5,5.5,10.5,10,"text90","text290","text390"
1.5,5.5,10.5,10,"text91","text291","text391"
1.5,5.5,10.5,10,"text92","text292","text392"
1.5,5.5,10.5,10,"text93","text293","text393"
1.5,5.5,10.5,10,"text94","text294","text394"
1.5,5.5,10.5,10,"text95","text295","text395"
1.5,5.5,10.5,10,"text96","text296","text396"
1.5,5.5,10.5,10,"text97","text297","text397"
1.5,5.5,10.5,10,"text98","text298","text398"
1.5,5.5,10.5,10,"text99","text299","text399"
1.5,5.5,10.5,10,"text100","text2100","text3100"
1.5,5.5,10.5,10,"text101","text2101","text3101"
1.5,5.5,10.5,10,"text102","text2102","text3102"
1.5,5.5,10.5,10,"text103","text2103","text3103"
1.5,5.5,10.5,10,"text104","text2104","text3104"
1.5,5.5,10.5,10,"text105","text2105","text3105"
1.5,5.5,10.5,10,"text106","text2106","text3106"
1.5,5.5,10.5,10,"text107","text2107","text3107"
1.5,5.5,10.5,10,"text108","text2108","text3108"
1.5,5.5,10.5,10,"text109","text2109","text3109"
1.5,5.5,10.5,10,"text110","text2110","text3110"
1.5,5.5,10.5,10,"text111","text2111","text3111"
1.5,5.5,10.5,10,"text112","text2112","text3112"
1.5,5.5,10.5,10,"text113","text2113","text3113"
1.5,5.5,10.5,10,"text114","text2114","text3114"
1.5,5.5,10.5,10,"text115","text2115","text3115"
1.5,5.5,10.5,10,"text116","text2116","text3116"
1.5,5.5,10.5,10,"text117","text2117","text3117"
1.5,5.5,10.5,10,"text118","text2118","text3118"
1.5,5.5,10.5,10,"text119","text2119","text3119"
1.5,5.5,10.5,10,"text120","text2120","text3120"
1.5,5.5,10.5,10,"text121","text2121","text3121"
1.5,5.5,10.5,10,"text122","text2122","text3122"
1.5,5.5,10.5,10,"text123","text2123","text3123"
1.5,5.5,10.5,10,"text124","text2124","text3124"
1.5,5.5,10.5,10,"text125","text2125","text3125"
1.5,5.5,10.5,10,"text126","text2126","text3126"
1.5,5.5,10.5,10,"text127","text2127","text3127"
1.5,5.5,10.5,10,"text128","text2128","text3128"
1.5,5.5,10.5,10,"text129","text2129","text3129"
1.5,5.5,10.5,10,"text130","text2130","text3130"
1.5,5.5,10.5,10,"text131","text2131","text3131"
1.5,5.5,10.5,10,"text132","text2132","text3132"
1.5,5.5,10.5,10,"text133","text2133","text3133"
1.5,5.5,10.5,10,"text134","text2134","text3134"
1.5,5.5,10.5,10,"text135","text2135","text3135"
1.5,5.5,10.5,10,"text136","text2136","text3136"
1.5,5.5,10.5,10,"text137","text2137","text3137"
1.5,5.5,10.5,10,"text138","text2138","text3138"
1.5,5.5,10.5,10,"text139","text2139","text3139"
1.5,5.5,10.5,10,"text140","text2140","text3140"
1.5,5.5,10.5,10,"text141","text2141","text3141"
1.5,5.5,10.5,10,"text142","text2142","text3142"
1.5,5.5,10.5,10,"text143","text2143","text3143"
1.5,5.5,10.5,10,"text144","text2144","text3144"
1.5,5.5,10.5,10,"text145","text2145","text3145"
1.5,5.5,10.5,10,"text146","text2146","text3146"
1.5,5.5,10.5,10,"text147","text2147","text3147"
1.5,5.5,10.5,10,"text148","text2148","text3148"
1.5,5.5,10.5,10,"text149","text2149","text3149"
1.5,5.5,10.5,10,"text150","text2150","text3150"
1.5,5.5,10.5,10,"text151","text2151","text3151"
1.5,5.5,10.5,10,"text152","text2152","text3152"
1.5,5.5,10.5,10,"text153","text2153","text3153"
1.5,5.5,10.5,10,"text154","text2154","text3154"
1.5,5.5,10.5,10,"text155","text2155","text3155"
1.5,5.5,10.5,10,"text156","text2156","text3156"
1.5,5.5,10.5,10,"text157","text2157","text3157"
1.5,5.5,10.5,10,"text158","text2158","text3158"
1.5,5.5,10.5,10,"text159","text2159","text3159"
1.5,5.5,10.5,10,"text160","text2160","text3160"
1.5,5.5,10.5,10,"text161","text2161","text3161"
1.5,5.5,10.5,10,"text162","text2162","text3162"
1.5,5.5,10.5,10,"text163","text2163","text3163"
1.5,5.5,10.5,10,"text164","text2164","text3164"
1.5,5.5,10.5,10,"text165","text2165","text3165"
1.5,5.5,10.5,10,"text166","text2166","text3166"
1.5,5.5,10.5,10,"text167","text2167","text3167"
1.5,5.5,10.5,10,"text168","text2168","text3168"
1.5,5.5,10.5,10,"text169","text2169","text3169"
1.5,5.5,10.5,10,"text170","text2170","text3170"
1.5,5.5,10.5,10,"text171","text2171","text3171"
1.5,5.5,10.5,10,"text172","text2172","text3172"
1.5,5.5,10.5,10,"text173","text2173","text3173"
1.5,5.5,10.5,10,"text174","text2174","text3174"
1.5,5.5,10.5,10,"text175","text2175","text3175"
1.5,5.5,10.5,10,"text176","text2176","text3176"
1.5,5.5,10.5,10,"text177","text2177","text3177"
1.5,5.5,10.5,10,"text178","text2178","text3178"
1.5,5.5,10.5,10,"text179","text2179","text3179"
1.5,5.5,10.5,10,"text180","text2180","text3180"
1.5,5.5,10.5,10,"text181","text2181","text3181"
1.5,5.5,10.5,10,"text182","text2182","text3182"
1.5,5.5,10.5,10,"text183","text2183","text3183"
1.5,5.5,10.5,10,"text184","text2184","text3184"
1.5,5.5,10.5,10,"text185","text2185","text3185"
1.5,5.5,10.5,10,"text186","text2186","text3186"
1.5,5.5,10.5,10,"text187","text2187","text3187"
1.5,5.5,10.5,10,"text188","text2188","text3188"
1.5,5.5,10.5,10,"text189","text2189","text3189"
1.5,5.5,10.5,10,"text190","text2190","text3190"
1.5,5.5,10.5,10,"text191","text2191","text3191"
1.5,5.5,10.5,10,"text192","text2192","text3192"
1.5,5.5,10.5,10,"text193","text2193","text3193"
1.5,5.5,10.5,10,"text194","text2194","text3194"
1.5,5.5,10.5,10,"text195","text2195","text3195"
1.5,5.5,10.5,10,"text196","text2196","text3196"
1.5,5.5,10.5,10,"text197","text2197","text3197"
1.5,5.5,10.5,10,"text198","text2198","text3198"
1.5,5.5,10.5,10,"text199","text2199","text3199"
1.5,5.5,10.5,10,"text200","text2200","text3200"
2.5,6.5,11.5,11,"text201","text2201","text3201"
2.5,6.5,11.5,11,"text202","text2202","text3202"
2.5,6.5,11.5,11,"text203","text2203","text3203"
2.5,6.5,11.5,11,"text204","text2204","text3204"
2.5,6.5,11.5,11,"text205","text2205","text3205"
2.5,6.5,11.5,11,"text206","text2206","text3206"
2.5,6.5,11.5,11,"text207","text2207","text3207"
2.5,6.5,11.5,11,"text208","text2208","text3208"
2.5,6.5,11.5,11,"text209","text2209","text3209"
2.5,6.5,11.5,11,"text210","text2210","text3210"
2.5,6.5,11.5,11,"text211","text2211","text3211"
2.5,6.5,11.5,11,"text212","text2212","text3212"
2.5,6.5,11.5,11,"text213","text2213","text3213"
2.5,6.5,11.5,11,"text214","text2214","text3214"
2.5,6.5,11.5,11,"text215","text2215","text3215"
2.5,6.5,11.5,11,"text216","text2216","text3216"
2.5,6.5,11.5,11,"text217","text2217","text3217"
2.5,6.5,11.5,11,"text218","text2218","text3218"
2.5,6.5,11.5,11,"text219","text2219","text3219"
2.5,6.5,11.5,11,"text220","text2220","text3220"
2.5,6.5,11.5,11,"text221","text2221","text3221"
2.5,6.5,11.5,11,"text222","text2222","text3222"
2.5,6.5,11.5,11,"text223","text2223","text3223"
2.5,6.5,11.5,11,"text224","text2224","text3224"
2.5,6.5,11.5,11,"text225","text2225","text3225"
2.5,6.5,11.5,11,"text226","text2226","text3226"
2.5,6.5,11.5,11,"text227","text2227","text3227"
2.5,6.5,11.5,11,"text228","text2228","text3228"
2.5,6.5,11.5,11,"text229","text2229","text3229"
2.5,6.5,11.5,11,"text230","text2230","text3230"
2.5,6.5,11.5,11,"text231","text2231","text3231"
2.5,6.5,11.5,11,"text232","text2232","text3232"
2.5,6.5,11.5,11,"text233","text2233","text3233"
2.5,6.5,11.5,11,"text234","text2234","text3234"
2.5,6.5,11.5,11,"text235","text2235","text3235"
2.5,6.5,11.5,11,"text236","text2236","text3236"
2.5,6.5,11.5,11,"text237","text2237","text3237"
2.5,6.5,11.5,11,"text238","text2238","text3238"
2.5,6.5,11.5,11,"text239","text2239","text3239"
2.5,6.5,11.5,11,"text240","text2240","text3240"
2.5,6.5,11.5,11,"text241","text2241","text3241"
2.5,6.5,11.5,11,"text242","text2242","text3242"
2.5,6.5,11.5,11,"text243","text2243","text3243"
2.5,6.5,11.5,11,"text244","text2244","text3244"
2.5,6.5,11.5,11,"text245","text2245","text3245"
2.5,6.5,11.5,11,"text246","text2246","text3246"
2.5,6.5,11.5,11,"text247","text2247","text3247"
2.5,6.5,11.5,11,"text248","text2248","text3248"
2.5,6.5,11.5,11,"text249","text2249","text3249"
2.5,6.5,11.5,11,"text250","text2250","text3250"
2.5,6.5,11.5,11,"text251","text2251","text3251"
2.5,6.5,11.5,11,"text252","text2252","text3252"
2.5,6.5,11.5,11,"text253","text2253","text3253"
2.5,6.5,11.5,11,"text254","text2254","text3254"
2.5,6.5,11.5,11,"text255","text2255","text3255"
2.5,6.5,11.5,11,"text256","text2256","text3256"
2.5,6.5,11.5,11,"text257","text2257","text3257"
2.5,6.5,11.5,11,"text258","text2258","text3258"
2.5,6.5,11.5,11,"text259","text2259","text3259"
2.5,6.5,11.5,11,"text260","text2260","text3260"
2.5,6.5,11.5,11,"text261","text2261","text3261"
2.5,6.5,11.5,11,"text262","text2262","text3262"
2.5,6.5,11.5,11,"text263","text2263","text3263"
2.5,6.5,11.5,11,"text264","text2264","text3264"
2.5,6.5,11.5,11,"text265","text2265","text3265"
2.5,6.5,11.5,11,"text266","text2266","text3266"
2.5,6.5,11.5,11,"text267","text2267","text3267"
2.5,6.5,11.5,11,"text268","text2268","text3268"
2.5,6.5,11.5,11,"text269","text2269","text3269"
2.5,6.5,11.5,11,"text270","text2270","text3270"
2.5,6.5,11.5,11,"text271","text2271","text3271"
2.5,6.5,11.5,11,"text272","text2272","text3272"
2.5,6.5,11.5,11,"text273","text2273","text3273"
2.5,6.5,11.5,11,"text274","text2274","text3274"
2.5,6.5,11.5,11,"text275","text2275","text3275"
2.5,6.5,11.5,11,"text276","text2276","text3276"
2.5,6.5,11.5,11,"text277","text2277","text3277"
2.5,6.5,11.5,11,"text278","text2278","text3278"
2.5,6.5,11.5,11,"text279","text2279","text3279"
2.5,6.5,11.5,11,"text280","text2280","text3280"
2.5,6.5,11.5,11,"text281","text2281","text3281"
2.5,6.5,11.5,11,"text282","text2282","text3282"
2.5,6.5,11.5,11,"text283","text2283","text3283"
2.5,6.5,11.5,11,"text284","text2284","text3284"
2.5,6.5,11.5,11,"text285","text2285","text3285"
2.5,6.5,11.5,11,"text286","text2286","text3286"
2.5,6.5,11.5,11,"text287","text2287","text3287"
2.5,6.5,11.5,11,"text288","text2288","text3288"
2.5,6.5,11.5,11,"text289","text2289","text3289"
2.5,6.5,11.5,11,"text290","text2290","text3290"
2.5,6.5,11.5,11,"text291","text2291","text3291"
2.5,6.5,11.5,11,"text292","text2292","text3292"
2.5,6.5,11.5,11,"text293","text2293","text3293"
2.5,6.5,11.5,11,"text294","text2294","text3294"
2.5,6.5,11.5,11,"text295","text2295","text3295"
2.5,6.5,11.5,11,"text296","text2296","text3296"
2.5,6.5,11.5,11,"text297","text2297","text3297"
2.5,6.5,11.5,11,"text298","text2298","text3298"
2.5,6.5,11.5,11,"text299","text2299","text3299"
2.5,6.5,11.5,11,"text300","text2300","text3300"
2.5,6.5,11.5,11,"text301","text2301","text3301"
2.5,6.5,11.5,11,"text302","text2302","text3302"
2.5,6.5,11.5,11,"text303","text2303","text3303"
2.5,6.5,11.5,11,"text304","text2304","text3304"
2.5,6.5,11.5,11,"text305","text2305","text3305"
2.5,6.5,11.5,11,"text306","text2306","text3306"
2.5,6.5,11.5,11,"text307","text2307","text3307"
2.5,6.5,11.5,11,"text308","text2308","text3308"
2.5,6.5,11.5,11,"text309","text2309","text3309"
2.5,6.5,11.5,11,"text310","text2310","text3310"
2.5,6.5,11.5,11,"text311","text2311","text3311"
2.5,6.5,11.5,11,"text312","text2312","text3312"
2.5,6.5,11.5,11,"text313","text2313","text3313"
2.5,6.5,11.5,11,"text314","text2314","text3314"
2.5,6.5,11.5,11,"text315","text2315","text3315"
2.5,6.5,11.5,11,"text316","text2316","text3316"
2.5,6.5,11.5,11,"text317","text2317","text3317"
2.5,6.5,11.5,11,"text318","text2318","text3318"
2.5,6.5,11.5,11,"text319","text2319","text3319"
2.5,6.5,11.5,11,"text320","text2320","text3320"
2.5,6.5,11.5,11,"text321","text2321","text3321"
2.5,6.5,11.5,11,"text322","text2322","text3322"
2.5,6.5,11.5,11,"text323","text2323","text3323"
2.5,6.5,11.5,11,"text324","text2324","text3324"
2.5,6.5,11.5,11,"text325","text2325","text3325"
2.5,6.5,11.5,11,"text326","text2326","text3326"
2.5,6.5,11.5,11,"text327","text2327","text3327"
2.5,6.5,11.5,11,"text328","text2328","text3328"
2.5,6.5,11.5,11,"text329","text2329","text3329"
2.5,6.5,11.5,11,"text330","text2330","text3330"
2.5,6.5,11.5,11,"text331","text2331","text3331"
2.5,6.5,11.5,11,"text332","text2332","text3332"
2.5,6.5,11.5,11,"text333","text2333","text3333"
2.5,6.5,11.5,11,"text334","text2334","text3334"
2.5,6.5,11.5,11,"text335","text2335","text3335"
2.5,6.5,11.5,11,"text336","text2336","text3336"
2.5,6.5,11.5,11,"text337","text2337","text3337"
2.5,6.5,11.5,11,"text338","text2338","text3338"
2.5,6.5,11.5,11,"text339","text2339","text3339"
2.5,6.5,11.5,11,"text340","text2340","text3340"
2.5,6.5,11.5,11,"text341","text2341","text3341"
2.5,6.5,11.5,11,"text342","text2342","text3342"
2.5,6.5,11.5,11,"text343","text2343","text3343"
2.5,6.5,11.5,11,"text344","text2344","text3344"
2.5,6.5,11.5,11,"text345","text2345","text3345"
2.5,6.5,11.5,11,"text346","text2346","text3346"
2.5,6.5,11.5,11,"text347","text2347","text3347"
2.5,6.5,11.5,11,"text348","text2348","text3348"
2.5,6.5,11.5,11,"text349","text2349","text3349"
2.5,6.5,11.5,11,"text350","text2350","text3350"
2.5,6.5,11.5,11,"text351","text2351","text3351"
2.5,6.5,11.5,11,"text352","text2352","text3352"
2.5,6.5,11.5,11,"text353","text2353","text3353"
2.5,6.5,11.5,11,"text354","text2354","text3354"
2.5,6.5,11.5,11,"text355","text2355","text3355"
2.5,6.5,11.5,11,"text356","text2356","text3356"
2.5,6.5,11.5,11,"text357","text2357","text3357"
2.5,6.5,11.5,11,"text358","text2358","text3358"
2.5,6.5,11.5,11,"text359","text2359","text3359"
2.5,6.5,11.5,11,"text360","text2360","text3360"
2.5,6.5,11.5,11,"text361","text2361","text3361"
2.5,6.5,11.5,11,"text362","text2362","text3362"
2.5,6.5,11.5,11,"text363","text2363","text3363"
2.5,6.5,11.5,11,"text364","text2364","text3364"
2.5,6.5,11.5,11,"text365","text2365","text3365"
2.5,6.5,11.5,11,"text366","text2366","text3366"
2.5,6.5,11.5,11,"text367","text2367","text3367"
2.5,6.5,11.5,11,"text368","text2368","text3368"
2.5,6.5,11.5,11,"text369","text2369","text3369"
2.5,6.5,11.5,11,"text370","text2370","text3370"
2.5,6.5,11.5,11,"text371","text2371","text3371"
2.5,6.5,11.5,11,"text372","text2372","text3372"
2.5,6.5,11.5,11,"text373","text2373","text3373"
2.5,6.5,11.5,11,"text374","text2374","text3374"
2.5,6.5,11.5,11,"text375","text2375","text3375"
2.5,6.5,11.5,11,"text376","text2376","text3376"
2.5,6.5,11.5,11,"text377","text2377","text3377"
2.5,6.5,11.5,11,"text378","text2378","text3378"
2.5,6.5,11.5,11,"text379","text2379","text3379"
2.5,6.5,11.5,11,"text380","text2380","text3380"
2.5,6.5,11.5,11,"text381","text2381","text3381"
2.5,6.5,11.5,11,"text382","text2382","text3382"
2.5,6.5,11.5,11,"text383","text2383","text3383"
2.5,6.5,11.5,11,"text384","text2384","text3384"
2.5,6.5,11.5,11,"text385","text2385","text3385"
2.5,6.5,11.5,11,"text386","text2386","text3386"
2.5,6.5,11.5,11,"text387","text2387","text3387"
2.5,6.5,11.5,11,"text388","text2388","text3388"
2.5,6.5,11.5,11,"text389","text2389","text3389"
2.5,6.5,11.5,11,"text390","text2390","text3390"
2.5,6.5,11.5,11,"text391","text2391","text3391"
2.5,6.5,11.5,11,"text392","text2392","text3392"
2.5,6.5,11.5,11,"text393","text2393","text3393"
2.5,6.5,11.5,11,"text394","text2394","text3394"
2.5,6.5,11.5,11,"text395","text2395","text3395"
2.5,6.5,11.5,11,"text396","text2396","text3396"
2.5,6.5,11.5,11,"text397","text2397","text3397"
2.5,6.5,11.5,11,"text398","text2398","text3398"
2.5,6.5,11.5,11,"text399","text2399","text3399"
2.5,6.5,11.5,11,"text400","text2400","text3400"
3.5,7.5,12.5,12,"text401","text2401","text3401"
3.5,7.5,12.5,12,"text402","text2402","text3402"
3.5,7.5,12.5,12,"text403","text2403","text3403"
3.5,7.5,12.5,12,"text404","text2404","text3404"
3.5,7.5,12.5,12,"text405","text2405","text3405"
3.5,7.5,12.5,12,"text406","text2406","text3406"
3.5,7.5,12.5,12,"text407","text2407","text3407"
3.5,7.5,12.5,12,"text408","text2408","text3408"
3.5,7.5,12.5,12,"text409","text2409","text3409"
3.5,7.5,12.5,12,"text410","text2410","text3410"
3.5,7.5,12.5,12,"text411","text2411","text3411"
3.5,7.5,12.5,12,"text412","text2412","text3412"
3.5,7.5,12.5,12,"text413","text2413","text3413"
3.5,7.5,12.5,12,"text414","text2414","text3414"
3.5,7.5,12.5,12,"text415","text2415","text3415"
3.5,7.5,12.5,12,"text416","text2416","text3416"
3.5,7.5,12.5,12,"text417","text2417","text3417"
3.5,7.5,12.5,12,"text418","text2418","text3418"
3.5,7.5,12.5,12,"text419","text2419","text3419"
3.5,7.5,12.5,12,"text420","text2420","text3420"
3.5,7.5,12.5,12,"text421","text2421","text3421"
3.5,7.5,12.5,12,"text422","text2422","text3422"
3.5,7.5,12.5,12,"text423","text2423","text3423"
3.5,7.5,12.5,12,"text424","text2424","text3424"
3.5,7.5,12.5,12,"text425","text2425","text3425"
3.5,7.5,12.5,12,"text426","text2426","text3426"
3.5,7.5,12.5,12,"text427","text2427","text3427"
3.5,7.5,12.5,12,"text428","text2428","text3428"
3.5,7.5,12.5,12,"text429","text2429","text3429"
3.5,7.5,12.5,12,"text430","text2430","text3430"
3.5,7.5,12.5,12,"text431","text2431","text3431"
3.5,7.5,12.5,12,"text432","text2432","text3432"
3.5,7.5,12.5,12,"text433","text2433","text3433"
3.5,7.5,12.5,12,"text434","text2434","text3434"
3.5,7.5,12.5,12,"text435","text2435","text3435"
3.5,7.5,12.5,12,"text436","text2436","text3436"
3.5,7.5,12.5,12,"text437","text2437","text3437"
3.5,7.5,12.5,12,"text438","text2438","text3438"
3.5,7.5,12.5,12,"text439","text2439","text3439"
3.5,7.5,12.5,12,"text440","text2440","text3440"
3.5,7.5,12.5,12,"text441","text2441","text3441"
3.5,7.5,12.5,12,"text442","text2442","text3442"
3.5,7.5,12.5,12,"text443","text2443","text3443"
3.5,7.5,12.5,12,"text444","text2444","text3444"
3.5,7.5,12.5,12,"text445","text2445","text3445"
3.5,7.5,12.5,12,"text446","text2446","text3446"
3.5,7.5,12.5,12,"text447","text2447","text3447"
3.5,7.5,12.5,12,"text448","text2448","text3448"
3.5,7.5,12.5,12,"text449","text2449","text3449"
3.5,7.5,12.5,12,"text450","text2450","text3450"
3.5,7.5,12.5,12,"text451","text2451","text3451"
3.5,7.5,12.5,12,"text452","text2452","text3452"
3.5,7.5,12.5,12,"text453","text2453","text3453"
3.5,7.5,12.5,12,"text454","text2454","text3454"
3.5,7.5,12.5,12,"text455","text2455","text3455"
3.5,7.5,12.5,12,"text456","text2456","text3456"
3.5,7.5,12.5,12,"text457","text2457","text3457"
3.5,7.5,12.5,12,"text458","text2458","text3458"
3.5,7.5,12.5,12,"text459","text2459","text3459"
3.5,7.5,12.5,12,"text460","text2460","text3460"
3.5,7.5,12.5,12,"text461","text2461","text3461"
3.5,7.5,12.5,12,"text462","text2462","text3462"
3.5,7.5,12.5,12,"text463","text2463","text3463"
3.5,7.5,12.5,12,"text464","text2464","text3464"
3.5,7.5,12.5,12,"text465","text2465","text3465"
3.5,7.5,12.5,12,"text466","text2466","text3466"
3.5,7.5,12.5,12,"text467","text2467","text3467"
3.5,7.5,12.5,12,"text468","text2468","text3468"
3.5,7.5,12.5,12,"text469","text2469","text3469"
3.5,7.5,12.5,12,"text470","text2470","text3470"
3.5,7.5,12.5,12,"text471","text2471","text3471"
3.5,7.5,12.5,12,"text472","text2472","text3472"
3.5,7.5,12.5,12,"text473","text2473","text3473"
3.5,7.5,12.5,12,"text474","text2474","text3474"
3.5,7.5,12.5,12,"text475","text2475","text3475"
3.5,7.5,12.5,12,"text476","text2476","text3476"
3.5,7.5,12.5,12,"text477","text2477","text3477"
3.5,7.5,12.5,12,"text478","text2478","text3478"
3.5,7.5,12.5,12,"text479","text2479","text3479"
3.5,7.5,12.5,12,"text480","text2480","text3480"
3.5,7.5,12.5,12,"text481","text2481","text3481"
3.5,7.5,12.5,12,"text482","text2482","text3482"
3.5,7.5,12.5,12,"text483","text2483","text3483"
3.5,7.5,12.5,12,"text484","text2484","text3484"
3.5,7.5,12.5,12,"text485","text2485","text3485"
3.5,7.5,12.5,12,"text486","text2486","text3486"
3.5,7.5,12.5,12,"text487","text2487","text3487"
3.5,7.5,12.5,12,"text488","text2488","text3488"
3.5,7.5,12.5,12,"text489","text2489","text3489"
3.5,7.5,12.5,12,"text490","text2490","text3490"
3.5,7.5,12.5,12,"text491","text2491","text3491"
3.5,7.5,12.5,12,"text492","text2492","text3492"
3.5,7.5,12.5,12,"text493","text2493","text3493"
3.5,7.5,12.5,12,"text494","text2494","text3494"
3.5,7.5,12.5,12,"text495","text2495","text3495"
3.5,7.5,12.5,12,"text496","text2496","text3496"
3.5,7.5,12.5,12,"text497","text2497","text3497"
3.5,7.5,12.5,12,"text498","text2498","text3498"
3.5,7.5,12.5,12,"text499","text2499","text3499"
3.5,7.5,12.5,12,"text500","text2500","text3500"
3.5,7.5,12.5,12,"text501","text2501","text3501"
3.5,7.5,12.5,12,"text502","text2502","text3502"
3.5,7.5,12.5,12,"text503","text2503","text3503"
3.5,7.5,12.5,12,"text504","text2504","text3504"
3.5,7.5,12.5,12,"text505","text2505","text3505"
3.5,7.5,12.5,12,"text506","text2506","text3506"
3.5,7.5,12.5,12,"text507","text2507","text3507"
3.5,7.5,12.5,12,"text508","text2508","text3508"
3.5,7.5,12.5,12,"text509","text2509","text3509"
3.5,7.5,12.5,12,"text510","text2510","text3510"
3.5,7.5,12.5,12,"text511","text2511","text3511"
3.5,7.5,12.5,12,"text512","text2512","text3512"
3.5,7.5,12.5,12,"text513","text2513","text3513"
3.5,7.5,12.5,12,"text514","text2514","text3514"
3.5,7.5,12.5,12,"text515","text2515","text3515"
3.5,7.5,12.5,12,"text516","text2516","text3516"
3.5,7.5,12.5,12,"text517","text2517","text3517"
3.5,7.5,12.5,12,"text518","text2518","text3518"
3.5,7.5,12.5,12,"text519","text2519","text3519"
3.5,7.5,12.5,12,"text520","text2520","text3520"
3.5,7.5,12.5,12,"text521","text2521","text3521"
3.5,7.5,12.5,12,"text522","text2522","text3522"
3.5,7.5,12.5,12,"text523","text2523","text3523"
3.5,7.5,12.5,12,"text524","text2524","text3524"
3.5,7.5,12.5,12,"text525","text2525","text3525"
3.5,7.5,12.5,12,"text526","text2526","text3526"
3.5,7.5,12.5,12,"text527","text2527","text3527"
3.5,7.5,12.5,12,"text528","text2528","text3528"
3.5,7.5,12.5,12,"text529","text2529","text3529"
3.5,7.5,12.5,12,"text530","text2530","text3530"
3.5,7.5,12.5,12,"text531","text2531","text3531"
3.5,7.5,12.5,12,"text532","text2532","text3532"
3.5,7.5,12.5,12,"text533","text2533","text3533"
3.5,7.5,12.5,12,"text534","text2534","text3534"
3.5,7.5,12.5,12,"text535","text2535","text3535"
3.5,7.5,12.5,12,"text536","text2536","text3536"
3.5,7.5,12.5,12,"text537","text2537","text3537"
3.5,7.5,12.5,12,"text538","text2538","text3538"
3.5,7.5,12.5,12,"text539","text2539","text3539"
3.5,7.5,12.5,12,"text540","text2540","text3540"
3.5,7.5,12.5,12,"text541","text2541","text3541"
3.5,7.5,12.5,12,"text542","text2542","text3542"
3.5,7.5,12.5,12,"text543","text2543","text3543"
3.5,7.5,12.5,12,"text544","text2544","text3544"
3.5,7.5,12.5,12,"text545","text2545","text3545"
3.5,7.5,12.5,12,"text546","text2546","text3546"
3.5,7.5,12.5,12,"text547","text2547","text3547"
3.5,7.5,12.5,12,"text548","text2548","text3548"
3.5,7.5,12.5,12,"text549","text2549","text3549"
3.5,7.5,12.5,12,"text550","text2550","text3550"
3.5,7.5,12.5,12,"text551","text2551","text3551"
3.5,7.5,12.5,12,"text552","text2552","text3552"
3.5,7.5,12.5,12,"text553","text2553","text3553"
3.5,7.5,12.5,12,"text554","text2554","text3554"
3.5,7.5,12.5,12,"text555","text2555","text3555"
3.5,7.5,12.5,12,"text556","text2556","text3556"
3.5,7.5,12.5,12,"text557","text2557","text3557"
3.5,7.5,12.5,12,"text558","text2558","text3558"
3.5,7.5,12.5,12,"text559","text2559","text3559"
3.5,7.5,12.5,12,"text560","text2560","text3560"
3.5,7.5,12.5,12,"text561","text2561","text3561"
3.5,7.5,12.5,12,"text562","text2562","text3562"
3.5,7.5,12.5,12,"text563","text2563","text3563"
3.5,7.5,12.5,12,"text564","text2564","text3564"
3.5,7.5,12.5,12,"text565","text2565","text3565"
3.5,7.5,12.5,12,"text566","text2566","text3566"
3.5,7.5,12.5,12,"text567","text2567","text3567"
3.5,7.5,12.5,12,"text568","text2568","text3568"
3.5,7.5,12.5,12,"text569","text2569","text3569"
3.5,7.5,12.5,12,"text570","text2570","text3570"
3.5,7.5,12.5,12,"text571","text2571","text3571"
3.5,7.5,12.5,12,"text572","text2572","text3572"
3.5,7.5,12.5,12,"text573","text2573","text3573"
3.5,7.5,12.5,12,"text574","text2574","text3574"
3.5,7.5,12.5,12,"text575","text2575","text3575"
3.5,7.5,12.5,12,"text576","text2576","text3576"
3.5,7.5,12.5,12,"text577","text2577","text3577"
3.5,7.5,12.5,12,"text578","text2578","text3578"
3.5,7.5,12.5,12,"text579","text2579","text3579"
3.5,7.5,12.5,12,"text580","text2580","text3580"
3.5,7.5,12.5,12,"text581","text2581","text3581"
3.5,7.5,12.5,12,"text582","text2582","text3582"
3.5,7.5,12.5,12,"text583","text2583","text3583"
3.5,7.5,12.5,12,"text584","text2584","text3584"
3.5,7.5,12.5,12,"text585","text2585","text3585"
3.5,7.5,12.5,12,"text586","text2586","text3586"
3.5,7.5,12.5,12,"text587","text2587","text3587"
3.5,7.5,12.5,12,"text588","text2588","text3588"
3.5,7.5,12.5,12,"text589","text2589","text3589"
3.5,7.5,12.5,12,"text590","text2590","text3590"
3.5,7.5,12.5,12,"text591","text2591","text3591"
3.5,7.5,12.5,12,"text592","text2592","text3592"
3.5,7.5,12.5,12,"text593","text2593","text3593"
3.5,7.5,12.5,12,"text594","text2594","text3594"
3.5,7.5,12.5,12,"text595","text2595","text3595"
3.5,7.5,12.5,12,"text596","text2596","text3596"
3.5,7.5,12.5,12,"text597","text2597","text3597"
3.5,7.5,12.5,12,"text598","text2598","text3598"
3.5,7.5,12.5,12,"text599","text2599","text3599"
3.5,7.5,12.5,12,"text600","text2600","text3600"
4.5,8.5,13.5,13,"text601","text2601","text3601"
4.5,8.5,13.5,13,"text602","text2602","text3602"
4.5,8.5,13.5,13,"text603","text2603","text3603"
4.5,8.5,13.5,13,"text604","text2604","text3604"
4.5,8.5,13.5,13,"text605","text2605","text3605"
4.5,8.5,13.5,13,"text606","text2606","text3606"
4.5,8.5,13.5,13,"text607","text2607","text3607"
4.5,8.5,13.5,13,"text608","text2608","text3608"
4.5,8.5,13.5,13,"text609","text2609","text3609"
4.5,8.5,13.5,13,"text610","text2610","text3610"
4.5,8.5,13.5,13,"text611","text2611","text3611"
4.5,8.5,13.5,13,"text612","text2612","text3612"
4.5,8.5,13.5,13,"text613","text2613","text3613"
4.5,8.5,13.5,13,"text614","text2614","text3614"
4.5,8.5,13.5,13,"text615","text2615","text3615"
4.5,8.5,13.5,13,"text616","text2616","text3616"
4.5,8.5,13.5,13,"text617","text2617","text3617"
4.5,8.5,13.5,13,"text618","text2618","text3618"
4.5,8.5,13.5,13,"text619","text2619","text3619"
4.5,8.5,13.5,13,"text620","text2620","text3620"
4.5,8.5,13.5,13,"text621","text2621","text3621"
4.5,8.5,13.5,13,"text622","text2622","text3622"
4.5,8.5,13.5,13,"text623","text2623","text3623"
4.5,8.5,13.5,13,"text624","text2624","text3624"
4.5,8.5,13.5,13,"text625","text2625","text3625"
4.5,8.5,13.5,13,"text626","text2626","text3626"
4.5,8.5,13.5,13,"text627","text2627","text3627"
4.5,8.5,13.5,13,"text628","text2628","text3628"
4.5,8.5,13.5,13,"text629","text2629","text3629"
4.5,8.5,13.5,13,"text630","text2630","text3630"
4.5,8.5,13.5,13,"text631","text2631","text3631"
4.5,8.5,13.5,13,"text632","text2632","text3632"
4.5,8.5,13.5,13,"text633","text2633","text3633"
4.5,8.5,13.5,13,"text634","text2634","text3634"
4.5,8.5,13.5,13,"text635","text2635","text3635"
4.5,8.5,13.5,13,"text636","text2636","text3636"
4.5,8.5,13.5,13,"text637","text2637","text3637"
4.5,8.5,13.5,13,"text638","text2638","text3638"
4.5,8.5,13.5,13,"text639","text2639","text3639"
4.5,8.5,13.5,13,"text640","text2640","text3640"
4.5,8.5,13.5,13,"text641","text2641","text3641"
4.5,8.5,13.5,13,"text642","text2642","text3642"
4.5,8.5,13.5,13,"text643","text2643","text3643"
4.5,8.5,13.5,13,"text644","text2644","text3644"
4.5,8.5,13.5,13,"text645","text2645","text3645"
4.5,8.5,13.5,13,"text646","text2646","text3646"
4.5,8.5,13.5,13,"text647","text2647","text3647"
4.5,8.5,13.5,13,"text648","text2648","text3648"
4.5,8.5,13.5,13,"text649","text2649","text3649"
4.5,8.5,13.5,13,"text650","text2650","text3650"
4.5,8.5,13.5,13,"text651","text2651","text3651"
4.5,8.5,13.5,13,"text652","text2652","text3652"
4.5,8.5,13.5,13,"text653","text2653","text3653"
4.5,8.5,13.5,13,"text654","text2654","text3654"
4.5,8.5,13.5,13,"text655","text2655","text3655"
4.5,8.5,13.5,13,"text656","text2656","text3656"
4.5,8.5,13.5,13,"text657","text2657","text3657"
4.5,8.5,13.5,13,"text658","text2658","text3658"
4.5,8.5,13.5,13,"text659","text2659","text3659"
4.5,8.5,13.5,13,"text660","text2660","text3660"
4.5,8.5,13.5,13,"text661","text2661","text3661"
4.5,8.5,13.5,13,"text662","text2662","text3662"
4.5,8.5,13.5,13,"text663","text2663","text3663"
4.5,8.5,13.5,13,"text664","text2664","text3664"
4.5,8.5,13.5,13,"text665","text2665","text3665"
4.5,8.5,13.5,13,"text666","text2666","text3666"
4.5,8.5,13.5,13,"text667","text2667","text3667"
4.5,8.5,13.5,13,"text668","text2668","text3668"
4.5,8.5,13.5,13,"text669","text2669","text3669"
4.5,8.5,13.5,13,"text670","text2670","text3670"
4.5,8.5,13.5,13,"text671","text2671","text3671"
4.5,8.5,13.5,13,"text672","text2672","text3672"
4.5,8.5,13.5,13,"text673","text2673","text3673"
4.5,8.5,13.5,13,"text674","text2674","text3674"
4.5,8.5,13.5,13,"text675","text2675","text3675"
4.5,8.5,13.5,13,"text676","text2676","text3676"
4.5,8.5,13.5,13,"text677","text2677","text3677"
4.5,8.5,13.5,13,"text678","text2678","text3678"
4.5,8.5,13.5,13,"text679","text2679","text3679"
4.5,8.5,13.5,13,"text680","text2680","text3680"
4.5,8.5,13.5,13,"text681","text2681","text3681"
4.5,8.5,13.5,13,"text682","text2682","text3682"
4.5,8.5,13.5,13,"text683","text2683","text3683"
4.5,8.5,13.5,13,"text684","text2684","text3684"
4.5,8.5,13.5,13,"text685","text2685","text3685"
4.5,8.5,13.5,13,"text686","text2686","text3686"
4.5,8.5,13.5,13,"text687","text2687","text3687"
4.5,8.5,13.5,13,"text688","text2688","text3688"
4.5,8.5,13.5,13,"text689","text2689","text3689"
4.5,8.5,13.5,13,"text690","text2690","text3690"
4.5,8.5,13.5,13,"text691","text2691","text3691"
4.5,8.5,13.5,13,"text692","text2692","text3692"
4.5,8.5,13.5,13,"text693","text2693","text3693"
4.5,8.5,13.5,13,"text694","text2694","text3694"
4.5,8.5,13.5,13,"text695","text2695","text3695"
4.5,8.5,13.5,13,"text696","text2696","text3696"
4.5,8.5,13.5,13,"text697","text2697","text3697"
4.5,8.5,13.5,13,"text698","text2698","text3698"
4.5,8.5,13.5,13,"text699","text2699","text3699"
4.5,8.5,13.5,13,"text700","text2700","text3700"
4.5,8.5,13.5,13,"text701","text2701","text3701"
4.5,8.5,13.5,13,"text702","text2702","text3702"
4.5,8.5,13.5,13,"text703","text2703","text3703"
4.5,8.5,13.5,13,"text704","text2704","text3704"
4.5,8.5,13.5,13,"text705","text2705","text3705"
4.5,8.5,13.5,13,"text706","text2706","text3706"
4.5,8.5,13.5,13,"text707","text2707","text3707"
4.5,8.5,13.5,13,"text708","text2708","text3708"
4.5,8.5,13.5,13,"text709","text2709","text3709"
4.5,8.5,13.5,13,"text710","text2710","text3710"
4.5,8.5,13.5,13,"text711","text2711","text3711"
4.5,8.5,13.5,13,"text712","text2712","text3712"
4.5,8.5,13.5,13,"text713","text2713","text3713"
4.5,8.5,13.5,13,"text714","text2714","text3714"
4.5,8.5,13.5,13,"text715","text2715","text3715"
4.5,8.5,13.5,13,"text716","text2716","text3716"
4.5,8.5,13.5,13,"text717","text2717","text3717"
4.5,8.5,13.5,13,"text718","text2718","text3718"
4.5,8.5,13.5,13,"text719","text2719","text3719"
4.5,8.5,13.5,13,"text720","text2720","text3720"
4.5,8.5,13.5,13,"text721","text2721","text3721"
4.5,8.5,13.5,13,"text722","text2722","text3722"
4.5,8.5,13.5,13,"text723","text2723","text3723"
4.5,8.5,13.5,13,"text724","text2724","text3724"
4.5,8.5,13.5,13,"text725","text2725","text3725"
4.5,8.5,13.5,13,"text726","text2726","text3726"
4.5,8.5,13.5,13,"text727","text2727","text3727"
4.5,8.5,13.5,13,"text728","text2728","text3728"
4.5,8.5,13.5,13,"text729","text2729","text3729"
4.5,8.5,13.5,13,"text730","text2730","text3730"
4.5,8.5,13.5,13,"text731","text2731","text3731"
4.5,8.5,13.5,13,"text732","text2732","text3732"
4.5,8.5,13.5,13,"text733","text2733","text3733"
4.5,8.5,13.5,13,"text734","text2734","text3734"
4.5,8.5,13.5,13,"text735","text2735","text3735"
4.5,8.5,13.5,13,"text736","text2736","text3736"
4.5,8.5,13.5,13,"text737","text2737","text3737"
4.5,8.5,13.5,13,"text738","text2738","text3738"
4.5,8.5,13.5,13,"text739","text2739","text3739"
4.5,8.5,13.5,13,"text740","text2740","text3740"
4.5,8.5,13.5,13,"text741","text2741","text3741"
4.5,8.5,13.5,13,"text742","text2742","text3742"
4.5,8.5,13.5,13,"text743","text2743","text3743"
4.5,8.5,13.5,13,"text744","text2744","text3744"
4.5,8.5,13.5,13,"text745","text2745","text3745"
4.5,8.5,13.5,13,"text746","text2746","text3746"
4.5,8.5,13.5,13,"text747","text2747","text3747"
4.5,8.5,13.5,13,"text748","text2748","text3748"
4.5,8.5,13.5,13,"text749","text2749","text3749"
4.5,8.5,13.5,13,"text750","text2750","text3750"
4.5,8.5,13.5,13,"text751","text2751","text3751"
4.5,8.5,13.5,13,"text752","text2752","text3752"
4.5,8.5,13.5,13,"text753","text2753","text3753"
4.5,8.5,13.5,13,"text754","text2754","text3754"
4.5,8.5,13.5,13,"text755","text2755","text3755"
4.5,8.5,13.5,13,"text756","text2756","text3756"
4.5,8.5,13.5,13,"text757","text2757","text3757"
4.5,8.5,13.5,13,"text758","text2758","text3758"
4.5,8.5,13.5,13,"text759","text2759","text3759"
4.5,8.5,13.5,13,"text760","text2760","text3760"
4.5,8.5,13.5,13,"text761","text2761","text3761"
4.5,8.5,13.5,13,"text762","text2762","text3762"
4.5,8.5,13.5,13,"text763","text2763","text3763"
4.5,8.5,13.5,13,"text764","text2764","text3764"
4.5,8.5,13.5,13,"text765","text2765","text3765"
4.5,8.5,13.5,13,"text766","text2766","text3766"
4.5,8.5,13.5,13,"text767","text2767","text3767"
4.5,8.5,13.5,13,"text768","text2768","text3768"
4.5,8.5,13.5,13,"text769","text2769","text3769"
4.5,8.5,13.5,13,"text770","text2770","text3770"
4.5,8.5,13.5,13,"text771","text2771","text3771"
4.5,8.5,13.5,13,"text772","text2772","text3772"
4.5,8.5,13.5,13,"text773","text2773","text3773"
4.5,8.5,13.5,13,"text774","text2774","text3774"
4.5,8.5,13.5,13,"text775","text2775","text3775"
4.5,8.5,13.5,13,"text776","text2776","text3776"
4.5,8.5,13.5,13,"text777","text2777","text3777"
4.5,8.5,13.5,13,"text778","text2778","text3778"
4.5,8.5,13.5,13,"text779","text2779","text3779"
4.5,8.5,13.5,13,"text780","text2780","text3780"
4.5,8.5,13.5,13,"text781","text2781","text3781"
4.5,8.5,13.5,13,"text782","text2782","text3782"
4.5,8.5,13.5,13,"text783","text2783","text3783"
4.5,8.5,13.5,13,"text784","text2784","text3784"
4.5,8.5,13.5,13,"text785","text2785","text3785"
4.5,8.5,13.5,13,"text786","text2786","text3786"
4.5,8.5,13.5,13,"text787","text2787","text3787"
4.5,8.5,13.5,13,"text788","text2788","text3788"
4.5,8.5,13.5,13,"text789","text2789","text3789"
4.5,8.5,13.5,13,"text790","text2790","text3790"
4.5,8.5,13.5,13,"text791","text2791","text3791"
4.5,8.5,13.5,13,"text792","text2792","text3792"
4.5,8.5,13.5,13,"text793","text2793","text3793"
4.5,8.5,13.5,13,"text794","text2794","text3794"
4.5,8.5,13.5,13,"text795","text2795","text3795"
4.5,8.5,13.5,13,"text796","text2796","text3796"
4.5,8.5,13.5,13,"text797","text2797","text3797"
4.5,8.5,13.5,13,"text798","text2798","text3798"
4.5,8.5,13.5,13,"text799","text2799","text3799"
4.5,8.5,13.5,13,"text800","text2800","text3800"
5.5,9.5,14.5,14,"text801","text2801","text3801"
5.5,9.5,14.5,14,"text802","text2802","text3802"
5.5,9.5,14.5,14,"text803","text2803","text3803"
5.5,9.5,14.5,14,"text804","text2804","text3804"
5.5,9.5,14.5,14,"text805","text2805","text3805"
5.5,9.5,14.5,14,"text806","text2806","text3806"
5.5,9.5,14.5,14,"text807","text2807","text3807"
5.5,9.5,14.5,14,"text808","text2808","text3808"
5.5,9.5,14.5,14,"text809","text2809","text3809"
5.5,9.5,14.5,14,"text810","text2810","text3810"
5.5,9.5,14.5,14,"text811","text2811","text3811"
5.5,9.5,14.5,14,"text812","text2812","text3812"
5.5,9.5,14.5,14,"text813","text2813","text3813"
5.5,9.5,14.5,14,"text814","text2814","text3814"
5.5,9.5,14.5,14,"text815","text2815","text3815"
5.5,9.5,14.5,14,"text816","text2816","text3816"
5.5,9.5,14.5,14,"text817","text2817","text3817"
5.5,9.5,14.5,14,"text818","text2818","text3818"
5.5,9.5,14.5,14,"text819","text2819","text3819"
5.5,9.5,14.5,14,"text820","text2820","text3820"
5.5,9.5,14.5,14,"text821","text2821","text3821"
5.5,9.5,14.5,14,"text822","text2822","text3822"
5.5,9.5,14.5,14,"text823","text2823","text3823"
5.5,9.5,14.5,14,"text824","text2824","text3824"
5.5,9.5,14.5,14,"text825","text2825","text3825"
5.5,9.5,14.5,14,"text826","text2826","text3826"
5.5,9.5,14.5,14,"text827","text2827","text3827"
5.5,9.5,14.5,14,"text828","text2828","text3828"
5.5,9.5,14.5,14,"text829","text2829","text3829"
5.5,9.5,14.5,14,"text830","text2830","text3830"
5.5,9.5,14.5,14,"text831","text2831","text3831"
5.5,9.5,14.5,14,"text832","text2832","text3832"
5.5,9.5,14.5,14,"text833","text2833","text3833"
5.5,9.5,14.5,14,"text834","text2834","text3834"
5.5,9.5,14.5,14,"text835","text2835","text3835"
5.5,9.5,14.5,14,"text836","text2836","text3836"
5.5,9.5,14.5,14,"text837","text2837","text3837"
5.5,9.5,14.5,14,"text838","text2838","text3838"
5.5,9.5,14.5,14,"text839","text2839","text3839"
5.5,9.5,14.5,14,"text840","text2840","text3840"
5.5,9.5,14.5,14,"text841","text2841","text3841"
5.5,9.5,14.5,14,"text842","text2842","text3842"
5.5,9.5,14.5,14,"text843","text2843","text3843"
5.5,9.5,14.5,14,"text844","text2844","text3844"
5.5,9.5,14.5,14,"text845","text2845","text3845"
5.5,9.5,14.5,14,"text846","text2846","text3846"
5.5,9.5,14.5,14,"text847","text2847","text3847"
5.5,9.5,14.5,14,"text848","text2848","text3848"
5.5,9.5,14.5,14,"text849","text2849","text3849"
5.5,9.5,14.5,14,"text850","text2850","text3850"
5.5,9.5,14.5,14,"text851","text2851","text3851"
5.5,9.5,14.5,14,"text852","text2852","text3852"
5.5,9.5,14.5,14,"text853","text2853","text3853"
5.5,9.5,14.5,14,"text854","text2854","text3854"
5.5,9.5,14.5,14,"text855","text2855","text3855"
5.5,9.5,14.5,14,"text856","text2856","text3856"
5.5,9.5,14.5,14,"text857","text2857","text3857"
5.5,9.5,14.5,14,"text858","text2858","text3858"
5.5,9.5,14.5,14,"text859","text2859","text3859"
5.5,9.5,14.5,14,"text860","text2860","text3860"
5.5,9.5,14.5,14,"text861","text2861","text3861"
5.5,9.5,14.5,14,"text862","text2862","text3862"
5.5,9.5,14.5,14,"text863","text2863","text3863"
5.5,9.5,14.5,14,"text864","text2864","text3864"
5.5,9.5,14.5,14,"text865","text2865","text3865"
5.5,9.5,14.5,14,"text866","text2866","text3866"
5.5,9.5,14.5,14,"text867","text2867","text3867"
5.5,9.5,14.5,14,"text868","text2868","text3868"
5.5,9.5,14.5,14,"text869","text2869","text3869"
5.5,9.5,14.5,14,"text870","text2870","text3870"
5.5,9.5,14.5,14,"text871","text2871","text3871"
5.5,9.5,14.5,14,"text872","text2872","text3872"
5.5,9.5,14.5,14,"text873","text2873","text3873"
5.5,9.5,14.5,14,"text874","text2874","text3874"
5.5,9.5,14.5,14,"text875","text2875","text3875"
5.5,9.5,14.5,14,"text876","text2876","text3876"
5.5,9.5,14.5,14,"text877","text2877","text3877"
5.5,9.5,14.5,14,"text878","text2878","text3878"
5.5,9.5,14.5,14,"text879","text2879","text3879"
5.5,9.5,14.5,14,"text880","text2880","text3880"
5.5,9.5,14.5,14,"text881","text2881","text3881"
5.5,9.5,14.5,14,"text882","text2882","text3882"
5.5,9.5,14.5,14,"text883","text2883","text3883"
5.5,9.5,14.5,14,"text884","text2884","text3884"
5.5,9.5,14.5,14,"text885","text2885","text3885"
5.5,9.5,14.5,14,"text886","text2886","text3886"
5.5,9.5,14.5,14,"text887","text2887","text3887"
5.5,9.5,14.5,14,"text888","text2888","text3888"
5.5,9.5,14.5,14,"text889","text2889","text3889"
5.5,9.5,14.5,14,"text890","text2890","text3890"
5.5,9.5,14.5,14,"text891","text2891","text3891"
5.5,9.5,14.5,14,"text892","text2892","text3892"
5.5,9.5,14.5,14,"text893","text2893","text3893"
5.5,9.5,14.5,14,"text894","text2894","text3894"
5.5,9.5,14.5,14,"text895","text2895","text3895"
5.5,9.5,14.5,14,"text896","text2896","text3896"
5.5,9.5,14.5,14,"text897","text2897","text3897"
5.5,9.5,14.5,14,"text898","text2898","text3898"
5.5,9.5,14.5,14,"text899","text2899","text3899"
5.5,9.5,14.5,14,"text900","text2900","text3900"
5.5,9.5,14.5,14,"text901","text2901","text3901"
5.5,9.5,14.5,14,"text902","text2902","text3902"
5.5,9.5,14.5,14,"text903","text2903","text3903"
5.5,9.5,14.5,14,"text904","text2904","text3904"
5.5,9.5,14.5,14,"text905","text2905","text3905"
5.5,9.5,14.5,14,"text906","text2906","text3906"
5.5,9.5,14.5,14,"text907","text2907","text3907"
5.5,9.5,14.5,14,"text908","text2908","text3908"
5.5,9.5,14.5,14,"text909","text2909","text3909"
5.5,9.5,14.5,14,"text910","text2910","text3910"
5.5,9.5,14.5,14,"text911","text2911","text3911"
5.5,9.5,14.5,14,"text912","text2912","text3912"
5.5,9.5,14.5,14,"text913","text2913","text3913"
5.5,9.5,14.5,14,"text914","text2914","text3914"
5.5,9.5,14.5,14,"text915","text2915","text3915"
5.5,9.5,14.5,14,"text916","text2916","text3916"
5.5,9.5,14.5,14,"text917","text2917","text3917"
5.5,9.5,14.5,14,"text918","text2918","text3918"
5.5,9.5,14.5,14,"text919","text2919","text3919"
5.5,9.5,14.5,14,"text920","text2920","text3920"
5.5,9.5,14.5,14,"text921","text2921","text3921"
5.5,9.5,14.5,14,"text922","text2922","text3922"
5.5,9.5,14.5,14,"text923","text2923","text3923"
5.5,9.5,14.5,14,"text924","text2924","text3924"
5.5,9.5,14.5,14,"text925","text2925","text3925"
5.5,9.5,14.5,14,"text926","text2926","text3926"
5.5,9.5,14.5,14,"text927","text2927","text3927"
5.5,9.5,14.5,14,"text928","text2928","text3928"
5.5,9.5,14.5,14,"text929","text2929","text3929"
5.5,9.5,14.5,14,"text930","text2930","text3930"
5.5,9.5,14.5,14,"text931","text2931","text3931"
5.5,9.5,14.5,14,"text932","text2932","text3932"
5.5,9.5,14.5,14,"text933","text2933","text3933"
5.5,9.5,14.5,14,"text934","text2934","text3934"
5.5,9.5,14.5,14,"text935","text2935","text3935"
5.5,9.5,14.5,14,"text936","text2936","text3936"
5.5,9.5,14.5,14,"text937","text2937","text3937"
5.5,9.5,14.5,14,"text938","text2938","text3938"
5.5,9.5,14.5,14,"text939","text2939","text3939"
5.5,9.5,14.5,14,"text940","text2940","text3940"
5.5,9.5,14.5,14,"text941","text2941","text3941"
5.5,9.5,14.5,14,"text942","text2942","text3942"
5.5,9.5,14.5,14,"text943","text2943","text3943"
5.5,9.5,14.5,14,"text944","text2944","text3944"
5.5,9.5,14.5,14,"text945","text2945","text3945"
5.5,9.5,14.5,14,"text946","text2946","text3946"
5.5,9.5,14.5,14,"text947","text2947","text3947"
5.5,9.5,14.5,14,"text948","text2948","text3948"
5.5,9.5,14.5,14,"text949","text2949","text3949"
5.5,9.5,14.5,14,"text950","text2950","text3950"
5.5,9.5,14.5,14,"text951","text2951","text3951"
5.5,9.5,14.5,14,"text952","text2952","text3952"
5.5,9.5,14.5,14,"text953","text2953","text3953"
5.5,9.5,14.5,14,"text954","text2954","text3954"
5.5,9.5,14.5,14,"text955","text2955","text3955"
5.5,9.5,14.5,14,"text956","text2956","text3956"
5.5,9.5,14.5,14,"text957","text2957","text3957"
5.5,9.5,14.5,14,"text958","text2958","text3958"
5.5,9.5,14.5,14,"text959","text2959","text3959"
5.5,9.5,14.5,14,"text960","text2960","text3960"
5.5,9.5,14.5,14,"text961","text2961","text3961"
5.5,9.5,14.5,14,"text962","text2962","text3962"
5.5,9.5,14.5,14,"text963","text2963","text3963"
5.5,9.5,14.5,14,"text964","text2964","text3964"
5.5,9.5,14.5,14,"text965","text2965","text3965"
5.5,9.5,14.5,14,"text966","text2966","text3966"
5.5,9.5,14.5,14,"text967","text2967","text3967"
5.5,9.5,14.5,14,"text968","text2968","text3968"
5.5,9.5,14.5,14,"text969","text2969","text3969"
5.5,9.5,14.5,14,"text970","text2970","text3970"
5.5,9.5,14.5,14,"text971","text2971","text3971"
5.5,9.5,14.5,14,"text972","text2972","text3972"
5.5,9.5,14.5,14,"text973","text2973","text3973"
5.5,9.5,14.5,14,"text974","text2974","text3974"
5.5,9.5,14.5,14,"text975","text2975","text3975"
5.5,9.5,14.5,14,"text976","text2976","text3976"
5.5,9.5,14.5,14,"text977","text2977","text3977"
5.5,9.5,14.5,14,"text978","text2978","text3978"
5.5,9.5,14.5,14,"text979","text2979","text3979"
5.5,9.5,14.5,14,"text980","text2980","text3980"
5.5,9.5,14.5,14,"text981","text2981","text3981"
5.5,9.5,14.5,14,"text982","text2982","text3982"
5.5,9.5,14.5,14,"text983","text2983","text3983"
5.5,9.5,14.5,14,"text984","text2984","text3984"
5.5,9.5,14.5,14,"text985","text2985","text3985"
5.5,9.5,14.5,14,"text986","text2986","text3986"
5.5,9.5,14.5,14,"text987","text2987","text3987"
5.5,9.5,14.5,14,"text988","text2988","text3988"
5.5,9.5,14.5,14,"text989","text2989","text3989"
5.5,9.5,14.5,14,"text990","text2990","text3990"
5.5,9.5,14.5,14,"text991","text2991","text3991"
5.5,9.5,14.5,14,"text992","text2992","text3992"
5.5,9.5,14.5,14,"text993","text2993","text3993"
5.5,9.5,14.5,14,"text994","text2994","text3994"
5.5,9.5,14.5,14,"text995","text2995","text3995"
5.5,9.5,14.5,14,"text996","text2996","text3996"
5.5,9.5,14.5,14,"text997","text2997","text3997"
5.5,9.5,14.5,14,"text998","text2998","text3998"
5.5,9.5,14.5,14,"text999","text2999","text3999"
5.5,9.5,14.5,14,"text995","text2995","text3995"
5.5,9.5,14.5,14,"text996","text2996","text3996"
5.5,9.5,14.5,14,"text997","text2997","text3997"
5.5,9.5,14.5,14,"text1000","text21000","text31000
